prompt,response
My product arrived damaged, what should I do?,I'm sorry to hear that. Please share your order ID so we can arrange a replacement.
My product arrived damaged, what should I do?,I'm sorry to hear that. Please share your order ID so we can arrange a replacement.
Do you have a loyalty program?,"Yes, our loyalty program offers points for every purchase."
What is your return policy?,We accept returns within 30 days if the item is unused and in original packaging.
My product arrived damaged, what should I do?,I'm sorry to hear that. Please share your order ID so we can arrange a replacement.
How do I reset my account password?,"Go to the login page, click 'Forgot Password', and follow the instructions sent to your email."
Where can I track my shipment?,You can track it using the tracking link in your confirmation email.
Can I change my delivery address after ordering?,"Yes, if your order hasnâ€™t shipped yet. Please contact support immediately."
Where can I track my shipment?,You can track it using the tracking link in your confirmation email.
How do I reset my account password?,"Go to the login page, click 'Forgot Password', and follow the instructions sent to your email."
Do you offer bulk discounts?,"Yes, please contact our sales team for bulk pricing information."
Can I get a refund?,"Yes, refunds are available within 30 days of purchase."
What is your return policy?,We accept returns within 30 days if the item is unused and in original packaging.
Hello, I need help with my order.,Sure! Could you please provide your order ID?
My product arrived damaged, what should I do?,I'm sorry to hear that. Please share your order ID so we can arrange a replacement.
Is my payment information secure?,"Yes, all transactions are encrypted and secure."
Hello, I need help with my order?,Sure! Could you please provide your order ID?
Can I schedule my delivery?,"Yes, you can select a preferred delivery date at checkout."
Can I change my delivery address after ordering?,"Yes, if your order hasnâ€™t shipped yet. Please contact support immediately."
How do I update my billing information?,Go to your account settings and update your billing details.
Where can I track my shipment?,You can track it using the tracking link in your confirmation email.
Can I schedule my delivery?,"Yes, you can select a preferred delivery date at checkout."
Do you have a loyalty program?,"Yes, our loyalty program offers points for every purchase."
What payment methods do you accept?,"We accept credit cards, debit cards, and PayPal."
How do I update my billing information?,Go to your account settings and update your billing details.
Is my payment information secure?,"Yes, all transactions are encrypted and secure."
Is my payment information secure?,"Yes, all transactions are encrypted and secure."
What payment methods do you accept?,"We accept credit cards, debit cards, and PayPal."
Where can I track my shipment?,You can track it using the tracking link in your confirmation email.
Do you offer bulk discounts?,"Yes, please contact our sales team for bulk pricing information."
Can I schedule my delivery?,"Yes, you can select a preferred delivery date at checkout."
My product arrived damaged, what should I do?,I'm sorry to hear that. Please share your order ID so we can arrange a replacement.
How do I update my billing information?,Go to your account settings and update your billing details.
How do I update my billing information?,Go to your account settings and update your billing details.
How do I reset my account password?,"Go to the login page, click 'Forgot Password', and follow the instructions sent to your email."
Do you have a loyalty program?,"Yes, our loyalty program offers points for every purchase."
Do you offer bulk discounts?,"Yes, please contact our sales team for bulk pricing information."
Do you offer bulk discounts?,"Yes, please contact our sales team for bulk pricing information."
How do I update my billing information?,Go to your account settings and update your billing details.
What is your return policy?,We accept returns within 30 days if the item is unused and in original packaging.
What is your return policy?,We accept returns within 30 days if the item is unused and in original packaging.
My product arrived damaged, what should I do?,I'm sorry to hear that. Please share your order ID so we can arrange a replacement.
What is your return policy?,We accept returns within 30 days if the item is unused and in original packaging.
Do you have a loyalty program?,"Yes, our loyalty program offers points for every purchase."
How long does delivery take?,Standard delivery takes 5â€“7 business days.
Can I change my delivery address after ordering?,"Yes, if your order hasnâ€™t shipped yet. Please contact support immediately."
Do you ship internationally?,"Yes, we ship worldwide. Shipping costs vary depending on the destination."
What is your return policy?,We accept returns within 30 days if the item is unused and in original packaging.
Is my payment information secure?,"Yes, all transactions are encrypted and secure."
My product arrived damaged, what should I do?,I'm sorry to hear that. Please share your order ID so we can arrange a replacement.
What payment methods do you accept?,"We accept credit cards, debit cards, and PayPal."
Do you ship internationally?,"Yes, we ship worldwide. Shipping costs vary depending on the destination."
Is my payment information secure?,"Yes, all transactions are encrypted and secure."
How do I reset my account password?,"Go to the login page, click 'Forgot Password', and follow the instructions sent to your email."
What is your return policy?,We accept returns within 30 days if the item is unused and in original packaging.
Do you ship internationally?,"Yes, we ship worldwide. Shipping costs vary depending on the destination."
Can I schedule my delivery?,"Yes, you can select a preferred delivery date at checkout."
Can I get a refund?,"Yes, refunds are available within 30 days of purchase."
Is my payment information secure?,"Yes, all transactions are encrypted and secure."
Is my payment information secure?,"Yes, all transactions are encrypted and secure."
Can I change my delivery address after ordering?,"Yes, if your order hasnâ€™t shipped yet. Please contact support immediately."
Do you offer bulk discounts?,"Yes, please contact our sales team for bulk pricing information."
Can I schedule my delivery?,"Yes, you can select a preferred delivery date at checkout."
Can I schedule my delivery?,"Yes, you can select a preferred delivery date at checkout."
Can I change my delivery address after ordering?,"Yes, if your order hasnâ€™t shipped yet. Please contact support immediately."
Is my payment information secure?,"Yes, all transactions are encrypted and secure."
Can I get a refund?,"Yes, refunds are available within 30 days of purchase."
Where can I track my shipment?,You can track it using the tracking link in your confirmation email.
Can I change my delivery address after ordering?,"Yes, if your order hasnâ€™t shipped yet. Please contact support immediately."
How do I reset my account password?,"Go to the login page, click 'Forgot Password', and follow the instructions sent to your email."
What payment methods do you accept?,"We accept credit cards, debit cards, and PayPal."
My product arrived damaged, what should I do?,I'm sorry to hear that. Please share your order ID so we can arrange a replacement.
My product arrived damaged, what should I do?,I'm sorry to hear that. Please share your order ID so we can arrange a replacement.
Do you offer bulk discounts?,"Yes, please contact our sales team for bulk pricing information."
What is your return policy?,We accept returns within 30 days if the item is unused and in original packaging.
Where can I track my shipment?,You can track it using the tracking link in your confirmation email.
Can I schedule my delivery?,"Yes, you can select a preferred delivery date at checkout."
Can I schedule my delivery?,"Yes, you can select a preferred delivery date at checkout."
Do you offer bulk discounts?,"Yes, please contact our sales team for bulk pricing information."
Do you ship internationally?,"Yes, we ship worldwide. Shipping costs vary depending on the destination."
Hello, I need help with my order.,Sure! Could you please provide your order ID?
Where can I track my shipment?,You can track it using the tracking link in your confirmation email.
What is your return policy?,We accept returns within 30 days if the item is unused and in original packaging.
How do I reset my account password?,"Go to the login page, click 'Forgot Password', and follow the instructions sent to your email."
Do you offer bulk discounts?,"Yes, please contact our sales team for bulk pricing information."
Hello, I need help with my order.,Sure! Could you please provide your order ID?
How do I update my billing information?,Go to your account settings and update your billing details.
Is my payment information secure?,"Yes, all transactions are encrypted and secure."
Can I change my delivery address after ordering?,"Yes, if your order hasnâ€™t shipped yet. Please contact support immediately."
What payment methods do you accept?,"We accept credit cards, debit cards, and PayPal."
Can I change my delivery address after ordering?,"Yes, if your order hasnâ€™t shipped yet. Please contact support immediately."
Can I get a refund?,"Yes, refunds are available within 30 days of purchase."
Can I schedule my delivery?,"Yes, you can select a preferred delivery date at checkout."
What payment methods do you accept?,"We accept credit cards, debit cards, and PayPal."
Where can I track my shipment?,You can track it using the tracking link in your confirmation email.
How do I update my billing information?,Go to your account settings and update your billing details.
Hello, I need help with my order?,Sure! Could you please provide your order ID?
How do I reset my account password?,"Go to the login page, click 'Forgot Password', and follow the instructions sent to your email."
Do you have a loyalty program?,"Yes, our loyalty program offers points for every purchase."
What payment methods do you accept?,"We accept credit cards, debit cards, and PayPal."
